{
  "label": "grid20",
  "n_ffn_layers": 6,
  "n_edge_functions": 884736,
  "n_basis": 23,
  "median_nls": 0.8247645181758556,
  "pct_nonlinear_gt_0.1": 99.99943485966435,
  "pct_inactive_le_0.01": 0.0,
  "fpca_top4_min_pct": 59.41072702407837,
  "fpca_top4_mean_pct": 62.48472233613332,
  "fpca_top4_per_layer_pct": [
    60.5526,
    59.4107,
    61.1495,
    61.884,
    63.1609,
    68.7505
  ],
  "closed_form_coverage_r2_ge_0.99_pct": 0.0,
  "closed_form_mean_r2": 0.803663775029096,
  "closed_form_best_form_counts": {},
  "best_val_loss": 3.881132097244263,
  "checkpoint": "checkpoints/gridsweep/kan_grid20_s42/best.pt"
}