{
  "label": "babylm_grid2_s46",
  "n_ffn_layers": 6,
  "n_edge_functions": 884736,
  "n_basis": 5,
  "median_nls": 0.2936723327173725,
  "pct_nonlinear_gt_0.1": 88.35686577690971,
  "pct_inactive_le_0.01": 0.4489474826388889,
  "fpca_top4_min_pct": 99.9249815940857,
  "fpca_top4_mean_pct": 99.92709358533224,
  "fpca_top4_per_layer_pct": [
    99.9276,
    99.925,
    99.9255,
    99.9274,
    99.9281,
    99.9289
  ],
  "closed_form_coverage_r2_ge_0.99_pct": 92.0,
  "closed_form_mean_r2": 0.993934630526439,
  "closed_form_best_form_counts": {
    "cubic": 275,
    "sigmoid": 1
  },
  "best_val_loss": 4.085718936920166,
  "checkpoint": "checkpoints/babylm/kan_grid2_s46/best.pt"
}