{
  "label": "babylm_grid2_s43",
  "n_ffn_layers": 6,
  "n_edge_functions": 884736,
  "n_basis": 5,
  "median_nls": 0.2952496709817538,
  "pct_nonlinear_gt_0.1": 88.42355233651621,
  "pct_inactive_le_0.01": 0.42871545862268523,
  "fpca_top4_min_pct": 99.92595911026001,
  "fpca_top4_mean_pct": 99.9272475639979,
  "fpca_top4_per_layer_pct": [
    99.9261,
    99.926,
    99.926,
    99.9276,
    99.9288,
    99.929
  ],
  "closed_form_coverage_r2_ge_0.99_pct": 93.0,
  "closed_form_mean_r2": 0.9951488823391965,
  "closed_form_best_form_counts": {
    "cubic": 278,
    "sigmoid": 1
  },
  "best_val_loss": 4.072834296226501,
  "checkpoint": "checkpoints/babylm/kan_grid2_s43/best.pt"
}