{
  "source": "extracted from /Users/felippealves/Documents/GitHub/babylm-eval/results (CSV written to /Users/felippealves/Documents/GitHub/kan-lm-study/experiments/results/babylm_seed_stats/per_seed_accuracy.csv)",
  "alpha": 0.05,
  "margin": 1.0,
  "target_power": 0.8,
  "guard_passed": true,
  "descriptives": {
    "blimp": {
      "mlp": {
        "n": 10,
        "mean": 62.444,
        "sd": 0.5512248986474483,
        "ci_half": 0.3943225379804587,
        "ci_lo": 62.049677462019545,
        "ci_hi": 62.83832253798046
      },
      "swiglu": {
        "n": 10,
        "mean": 63.027,
        "sd": 0.6014805806415451,
        "ci_half": 0.4302732871582922,
        "ci_lo": 62.59672671284171,
        "ci_hi": 63.457273287158294
      },
      "chebyshev": {
        "n": 10,
        "mean": 62.76500000000001,
        "sd": 0.5111914188116499,
        "ci_half": 0.3656843117106073,
        "ci_lo": 62.3993156882894,
        "ci_hi": 63.13068431171062
      },
      "grkan": {
        "n": 10,
        "mean": 63.13100000000001,
        "sd": 0.3866221238711855,
        "ci_half": 0.27657280630530334,
        "ci_lo": 62.854427193694704,
        "ci_hi": 63.40757280630531
      }
    },
    "blimp_supplement": {
      "mlp": {
        "n": 10,
        "mean": 54.42,
        "sd": 0.45772383716725124,
        "ci_half": 0.3274359079367038,
        "ci_lo": 54.0925640920633,
        "ci_hi": 54.747435907936705
      },
      "swiglu": {
        "n": 10,
        "mean": 54.107000000000006,
        "sd": 0.7084105840228225,
        "ci_half": 0.5067664035306209,
        "ci_lo": 53.60023359646939,
        "ci_hi": 54.613766403530626
      },
      "chebyshev": {
        "n": 10,
        "mean": 53.948,
        "sd": 0.5057843194265498,
        "ci_half": 0.361816305824304,
        "ci_lo": 53.586183694175695,
        "ci_hi": 54.309816305824306
      },
      "grkan": {
        "n": 10,
        "mean": 54.025,
        "sd": 0.5313557084372845,
        "ci_half": 0.3801089755479328,
        "ci_lo": 53.644891024452065,
        "ci_hi": 54.40510897554793
      }
    },
    "ewok": {
      "mlp": {
        "n": 10,
        "mean": 49.773,
        "sd": 0.7642868862177631,
        "ci_half": 0.5467379021848645,
        "ci_lo": 49.22626209781514,
        "ci_hi": 50.31973790218487
      },
      "swiglu": {
        "n": 10,
        "mean": 50.209999999999994,
        "sd": 0.7177588576797768,
        "ci_half": 0.5134537556498576,
        "ci_lo": 49.69654624435014,
        "ci_hi": 50.72345375564985
      },
      "chebyshev": {
        "n": 10,
        "mean": 49.73499999999999,
        "sd": 0.6611479915016509,
        "ci_half": 0.4729567815773784,
        "ci_lo": 49.26204321842261,
        "ci_hi": 50.20795678157737
      },
      "grkan": {
        "n": 10,
        "mean": 50.363,
        "sd": 0.7288811822085802,
        "ci_half": 0.5214101873117829,
        "ci_lo": 49.84158981268822,
        "ci_hi": 50.88441018731178
      }
    }
  },
  "m3_ci_overlap": {
    "mlp_vs_swiglu": {
      "overlap": true,
      "separation": -0.24159582513875222
    },
    "mlp_vs_chebyshev": {
      "overlap": true,
      "separation": -0.4390068496910615
    },
    "mlp_vs_grkan": {
      "overlap": false,
      "separation": 0.01610465571424413
    },
    "swiglu_vs_chebyshev": {
      "overlap": true,
      "separation": -0.5339575988689091
    },
    "swiglu_vs_grkan": {
      "overlap": true,
      "separation": -0.5531456126106065
    },
    "chebyshev_vs_grkan": {
      "overlap": true,
      "separation": -0.2762571180159128
    }
  },
  "tests_vs_baseline": {
    "blimp": {
      "swiglu": {
        "diff": 0.5829999999999984,
        "p_welch": 0.036576702435337755,
        "p_welch_bonferroni": 0.10973010730601326,
        "p_paired": 0.0406094691405817,
        "n_seeds": 10
      },
      "chebyshev": {
        "diff": 0.32100000000000506,
        "p_welch": 0.1937607339701567,
        "p_welch_bonferroni": 0.5812822019104701,
        "p_paired": 0.30159257362716674,
        "n_seeds": 10
      },
      "grkan": {
        "diff": 0.6870000000000047,
        "p_welch": 0.0052296966387766685,
        "p_welch_bonferroni": 0.015689089916330005,
        "p_paired": 0.03575838380099311,
        "n_seeds": 10
      }
    },
    "blimp_supplement": {
      "swiglu": {
        "diff": -0.3129999999999953,
        "p_welch": 0.2584083790004597,
        "p_welch_bonferroni": 0.7752251370013792,
        "p_paired": 0.3340376818200015,
        "n_seeds": 10
      },
      "chebyshev": {
        "diff": -0.4720000000000013,
        "p_welch": 0.04223457946268897,
        "p_welch_bonferroni": 0.12670373838806692,
        "p_paired": 0.12740267254543466,
        "n_seeds": 10
      },
      "grkan": {
        "diff": -0.3950000000000031,
        "p_welch": 0.09215348054225295,
        "p_welch_bonferroni": 0.27646044162675887,
        "p_paired": 0.17880783620636176,
        "n_seeds": 10
      }
    }
  },
  "m2_tost": {
    "mlp_vs_swiglu": {
      "diff": -0.5829999999999984,
      "se": 0.2579976313414098,
      "df": 17.86468697814507,
      "p_lower": 0.06177610645279882,
      "p_upper": 4.4167932201684615e-06,
      "p_tost": 0.06177610645279882,
      "ci90_lo": -1.0305679559635408,
      "ci90_hi": -0.13543204403645615,
      "equivalent": false
    },
    "mlp_vs_chebyshev": {
      "diff": -0.32100000000000506,
      "se": 0.23773210880223083,
      "df": 17.898631132312858,
      "p_lower": 0.0052668951869754566,
      "p_upper": 1.4436303445015462e-05,
      "p_tost": 0.0052668951869754566,
      "ci90_lo": -0.7333691202738593,
      "ci90_hi": 0.09136912027384919,
      "equivalent": true
    },
    "mlp_vs_grkan": {
      "diff": -0.6870000000000047,
      "se": 0.21291443247360098,
      "df": 16.12957294425256,
      "p_lower": 0.08038923527333651,
      "p_upper": 2.973970806541508e-07,
      "p_tost": 0.08038923527333651,
      "ci90_lo": -1.0585407723970746,
      "ci90_hi": -0.31545922760293477,
      "equivalent": false
    },
    "swiglu_vs_chebyshev": {
      "diff": 0.26199999999999335,
      "se": 0.2496188205155128,
      "df": 17.543938562493647,
      "p_lower": 4.440481856901372e-05,
      "p_upper": 0.004308934313462853,
      "p_tost": 0.004308934313462853,
      "ci90_lo": -0.1714653340677676,
      "ci90_hi": 0.6954653340677543,
      "equivalent": true
    },
    "swiglu_vs_grkan": {
      "diff": -0.10400000000000631,
      "se": 0.2261096096046244,
      "df": 15.352624073350873,
      "p_lower": 0.0006001411621341441,
      "p_upper": 9.318305675882514e-05,
      "p_tost": 0.0006001411621341441,
      "ci90_lo": -0.49978454464507804,
      "ci90_hi": 0.2917845446450654,
      "equivalent": true
    },
    "chebyshev_vs_grkan": {
      "diff": -0.36599999999999966,
      "se": 0.20268037234358285,
      "df": 16.75787184000262,
      "p_lower": 0.0031036761043613764,
      "p_upper": 1.8664727586172385e-06,
      "p_tost": 0.0031036761043613764,
      "ci90_lo": -0.7188774639624065,
      "ci90_hi": -0.013122536037592836,
      "equivalent": true
    }
  },
  "m2_tost_pass_count": 4,
  "m1_mde": {
    "pooled_sd": 0.51875358097827,
    "n_per_group": 10,
    "mde_two_sample_t": 0.6873212045079184,
    "mde_two_sample_normal": 0.649949992100375,
    "mde_paired_grkan": 0.8771732300792309,
    "sd_diff_grkan": 0.8806948014683256,
    "grkan_gap": 0.6870000000000047,
    "achieved_power_at_grkan_gap": 0.7996343062361354
  }
}